{
  "GDP0": {
    "estimate": 1000.0000000000578,
    "se": 0.0
  },
  "alpha": {
    "estimate": 0.10003478951825603,
    "se": 0.03428037714771777
  },
  "h0": {
    "estimate": -1.2740068464770076,
    "se": 0.37881669334309
  },
  "h1": {
    "estimate": 0.017165770673016868,
    "se": 0.0017042726053142646
  },
  "h2": {
    "estimate": -0.0006563475823542185,
    "se": 1.1431590796856259e-05
  },
  "h3": {
    "estimate": -0.0049833230095609575,
    "se": 0.004228493851359453
  },
  "h4": {
    "estimate": -0.0012762988194608901,
    "se": 0.0014774382559106555
  }
}