{
  "n_observations": 8479,
  "n_countries": 170,
  "n_years": 62,
  "n_parameters": 579,
  "r_squared": 0.2981462494083327,
  "rmse": 0.05114391657393768,
  "aic": -25199.669015606563,
  "bic": -21127.45798876485,
  "n_iterations": 2,
  "converged": true
}