{
  "GDP0": {
    "estimate": 1000.0000000001385,
    "se": 5.436164260515544
  },
  "alpha": {
    "estimate": 0.10003478950988885,
    "se": 0.03407605231170345
  },
  "h0": {
    "estimate": -1.274006846605402,
    "se": 0.3763700673671137
  },
  "h1": {
    "estimate": 0.017165770672873046,
    "se": 0.001706271217466497
  },
  "h2": {
    "estimate": -0.0006563475823717409,
    "se": 1.1431313913686503e-05
  },
  "h3": {
    "estimate": -0.00498332301040939,
    "se": 0.00422617787482025
  },
  "h4": {
    "estimate": -0.0012762988193129599,
    "se": 0.0014773088779595417
  }
}